dia,fecha,cota_Ralco_msnm_0-20%,cota_Pangue_msnm_0-20%,cota_Ralco_msnm_20-40%,cota_Pangue_msnm_20-40%,cota_Ralco_msnm_40-60%,cota_Pangue_msnm_40-60%,cota_Ralco_msnm_60-80%,cota_Pangue_msnm_60-80%,cota_Ralco_msnm_80-100%,cota_Pangue_msnm_80-100%
1,01-Jan,724.42,509.962,724.36,510.0,724.22,510.0,724.24,509.988,724.14,510.0
2,02-Jan,724.03,508.598,723.96,508.168,723.82,507.484,723.84,507.546,723.74,507.21
3,03-Jan,723.64,507.732,723.56,507.394,723.43,507.141,723.44,507.229,723.34,507.0
4,04-Jan,723.24,507.58,723.17,507.287,723.03,507.091,723.04,507.231,722.94,507.0
5,05-Jan,722.85,507.52,722.77,507.276,722.63,507.037,722.64,507.231,722.55,507.0
6,06-Jan,722.45,507.565,722.37,507.289,722.23,507.0,722.25,507.229,722.15,507.0
7,07-Jan,722.06,507.643,721.97,507.302,721.83,507.0,721.85,507.226,721.75,507.0
8,08-Jan,721.66,507.531,721.57,507.198,721.43,507.0,721.45,507.112,721.35,507.0
9,09-Jan,721.26,507.409,721.17,507.163,721.03,507.0,721.05,507.0,720.95,507.0
10,10-Jan,720.86,507.279,720.77,507.125,720.63,507.0,720.65,507.0,720.55,507.0
11,11-Jan,720.46,507.174,720.37,507.084,720.23,507.0,720.25,507.0,720.15,507.0
12,12-Jan,720.06,507.096,719.98,507.04,719.83,507.0,719.85,507.0,719.75,507.0
13,13-Jan,719.66,507.039,719.58,507.0,719.43,507.0,719.45,507.0,719.35,507.0
14,14-Jan,719.26,507.001,719.18,507.0,719.04,507.0,719.05,507.0,718.95,507.0
15,15-Jan,718.86,507.0,718.78,507.0,718.64,507.0,718.65,507.0,718.55,507.0
16,16-Jan,718.46,507.0,718.38,507.0,718.24,507.0,718.25,507.0,718.16,507.0
17,17-Jan,718.06,507.0,717.98,507.0,717.84,507.0,717.85,507.0,717.76,507.0
18,18-Jan,717.66,507.0,717.58,507.0,717.44,507.0,717.46,507.0,717.36,507.0
19,19-Jan,717.27,507.0,717.18,507.0,717.04,507.0,717.06,507.0,716.96,507.0
20,20-Jan,716.87,507.0,716.78,507.0,716.64,507.0,716.66,507.0,716.56,507.0
21,21-Jan,716.47,507.0,716.38,507.0,716.24,507.0,716.26,507.0,716.16,507.0
22,22-Jan,716.07,507.0,715.98,507.0,715.84,507.0,715.86,507.0,715.76,507.0
23,23-Jan,715.67,507.0,715.58,507.0,715.44,507.0,715.46,507.0,715.36,507.034
24,24-Jan,715.27,507.0,715.18,507.0,715.04,507.0,715.06,507.075,714.96,507.381
25,25-Jan,715.27,507.0,715.18,507.0,715.04,507.0,715.06,507.094,714.96,507.39
26,26-Jan,715.27,507.0,715.18,507.0,715.04,507.0,715.06,507.112,714.96,507.398
27,27-Jan,715.27,507.0,715.18,507.0,715.04,507.0,715.06,507.131,714.96,507.407
28,28-Jan,715.27,507.0,715.18,507.0,715.04,507.0,715.06,507.15,714.96,507.416
29,29-Jan,715.27,507.0,715.18,507.0,715.04,507.0,715.06,507.179,714.96,507.424
30,30-Jan,715.27,507.0,715.18,507.0,715.04,507.003,715.06,507.227,714.96,507.433
31,31-Jan,715.27,507.0,715.18,507.0,715.04,507.03,715.06,507.275,714.96,507.442
32,01-Feb,715.27,507.0,715.18,507.0,715.04,507.045,715.06,507.293,714.96,507.439
33,02-Feb,715.26,507.0,715.15,507.0,715.04,507.06,715.06,507.312,714.96,507.436
34,03-Feb,715.23,507.0,715.15,507.0,715.04,507.075,715.06,507.33,714.96,507.433
35,04-Feb,715.2,507.0,715.14,507.0,715.04,507.089,715.06,507.349,714.96,507.431
36,05-Feb,715.17,507.0,715.14,507.0,715.04,507.104,715.06,507.367,714.96,507.428
37,06-Feb,715.15,507.0,715.14,507.0,715.04,507.119,715.06,507.385,714.96,507.425
38,07-Feb,715.12,507.0,715.11,507.0,715.04,507.134,715.06,507.404,714.96,507.422
39,08-Feb,715.09,507.0,715.08,507.0,715.04,507.145,715.06,507.41,714.96,507.411
40,09-Feb,715.06,507.0,715.05,507.0,715.04,507.155,715.06,507.417,714.96,507.399
41,10-Feb,715.03,507.0,715.02,507.0,715.04,507.165,715.06,507.423,714.96,507.387
42,11-Feb,715.01,507.0,714.99,507.12,715.04,507.175,715.06,507.429,714.96,507.375
43,12-Feb,714.98,507.0,714.96,507.0,715.04,507.185,715.06,507.436,714.96,507.363
44,13-Feb,714.95,507.0,714.93,507.0,715.04,507.195,715.06,507.442,714.96,507.351
45,14-Feb,714.93,507.0,714.9,507.0,715.04,507.205,715.06,507.449,714.96,507.339
46,15-Feb,714.92,507.0,714.86,507.0,715.04,507.209,715.06,507.44,714.96,507.327
47,16-Feb,714.9,507.112,714.83,507.0,715.04,507.245,715.06,507.431,714.96,507.314
48,17-Feb,714.87,507.0,714.8,507.0,715.04,507.216,715.06,507.422,714.96,507.302
49,18-Feb,714.82,507.0,714.78,507.0,715.04,507.22,715.06,507.413,714.96,507.3
50,19-Feb,714.78,507.0,714.75,507.0,715.04,507.223,715.06,507.404,714.96,507.305
51,20-Feb,714.73,507.0,714.7,507.0,715.04,507.227,715.06,507.404,714.96,507.31
52,21-Feb,714.69,507.157,714.65,507.0,715.04,507.231,715.06,507.417,714.96,507.315
53,22-Feb,714.62,507.0,714.6,507.0,715.04,507.226,715.06,507.417,714.96,507.32
54,23-Feb,714.55,507.0,714.55,507.0,715.04,507.222,715.06,507.417,714.96,507.325
55,24-Feb,714.46,507.0,714.5,507.0,715.04,507.217,715.06,507.418,714.96,507.33
56,25-Feb,714.36,507.0,714.45,507.0,715.04,507.213,715.06,507.418,714.96,507.335
57,26-Feb,714.26,507.0,714.4,507.0,715.04,507.208,715.06,507.418,714.93,507.501
58,27-Feb,714.13,507.0,714.35,507.0,715.04,507.203,715.06,507.418,714.93,507.513
59,28-Feb,714.0,507.0,714.3,507.0,715.04,507.216,715.03,507.564,714.93,507.525
60,01-Mar,713.89,507.0,714.25,507.0,715.04,507.206,715.03,507.534,714.93,507.519
61,02-Mar,713.77,507.0,714.2,507.0,715.04,507.2,715.03,507.504,714.93,507.512
62,03-Mar,713.65,507.0,714.12,507.225,715.04,507.194,715.03,507.474,714.93,507.506
63,04-Mar,713.52,507.877,714.06,507.779,715.04,507.6,715.03,507.632,714.93,507.669
64,05-Mar,713.39,507.0,713.99,507.0,715.04,507.182,715.03,507.412,714.93,507.493
65,06-Mar,713.25,507.0,713.92,507.0,715.04,507.175,715.01,507.472,714.93,507.486
66,07-Mar,713.13,507.0,713.85,507.0,715.04,507.168,715.01,507.441,714.93,507.48
67,08-Mar,712.98,507.0,713.78,507.0,715.04,507.149,715.01,507.403,714.93,507.472
68,09-Mar,712.82,507.0,713.72,507.0,715.04,507.129,715.01,507.365,714.93,507.463
69,10-Mar,712.68,507.0,713.65,507.0,715.04,507.11,715.01,507.326,714.93,507.455
70,11-Mar,712.54,507.0,713.58,507.0,715.04,507.09,715.01,507.287,714.93,507.449
71,12-Mar,712.37,507.0,713.51,507.0,715.03,507.105,715.01,507.247,714.93,507.458
72,13-Mar,712.18,507.0,713.44,507.0,715.03,507.085,715.0,507.294,714.93,507.468
73,14-Mar,711.98,507.0,713.38,507.0,715.03,507.082,715.0,507.254,714.93,507.477
74,15-Mar,711.79,507.0,713.33,507.0,715.03,507.08,715.0,507.231,714.93,507.502
75,16-Mar,711.61,507.0,713.27,507.0,715.02,507.087,714.98,507.28,714.92,507.516
76,17-Mar,711.42,507.0,713.21,507.0,715.02,507.071,714.98,507.227,714.92,507.488
77,18-Mar,711.24,507.0,713.15,507.0,715.02,507.09,714.94,507.386,714.91,507.525
78,19-Mar,711.06,507.0,713.1,507.0,715.02,507.075,714.94,507.333,714.91,507.506
79,20-Mar,710.89,507.0,713.04,507.0,715.02,507.059,714.94,507.28,714.91,507.487
80,21-Mar,710.71,507.0,712.98,507.0,714.99,507.163,714.93,507.294,714.9,507.531
81,22-Mar,710.53,507.0,712.92,507.0,714.99,507.148,714.93,507.25,714.9,507.512
82,23-Mar,710.36,507.0,712.87,507.0,714.99,507.133,714.91,507.318,714.9,507.496
83,24-Mar,710.19,507.0,712.81,507.0,714.99,507.11,714.89,507.396,714.87,507.56
84,25-Mar,710.03,507.0,712.75,507.0,714.99,507.087,714.89,507.365,714.87,507.51
85,26-Mar,709.88,507.0,712.69,507.0,714.99,507.064,714.88,507.397,714.87,507.466
86,27-Mar,709.72,507.0,712.61,507.0,714.99,507.041,714.88,507.366,714.87,507.447
87,28-Mar,709.56,507.0,712.55,507.0,714.99,507.017,714.85,507.5,714.87,507.451
88,29-Mar,709.4,507.0,712.49,507.0,714.98,507.047,714.84,507.536,714.86,507.532
89,30-Mar,709.25,507.0,712.43,507.0,714.98,507.024,714.84,507.505,714.86,507.542
90,31-Mar,709.09,507.005,712.38,507.029,714.98,507.0,714.83,507.563,714.86,507.553
91,01-Apr,708.93,507.013,712.32,507.025,714.98,507.0,714.83,507.558,714.86,507.546
92,02-Apr,708.77,507.02,712.26,507.021,714.98,507.0,714.83,507.534,714.86,507.539
93,03-Apr,708.61,507.028,712.18,507.017,714.98,507.0,714.83,507.502,714.86,507.533
94,04-Apr,708.43,507.035,712.1,507.013,714.98,507.0,714.82,507.524,714.86,507.538
95,05-Apr,708.27,507.043,712.02,507.008,714.97,507.0,714.82,507.492,714.86,507.531
96,06-Apr,708.08,507.051,711.92,507.004,714.94,507.0,714.82,507.46,714.86,507.525
97,07-Apr,707.9,507.058,711.84,507.0,714.91,507.0,714.8,507.524,714.86,507.518
98,08-Apr,707.71,507.068,711.77,507.0,714.88,507.0,714.8,507.487,714.86,507.498
99,09-Apr,707.49,507.077,711.69,507.0,714.85,507.021,714.8,507.468,714.84,507.601
100,10-Apr,707.26,507.087,711.62,507.0,714.82,507.044,714.77,507.594,714.84,507.59
101,11-Apr,707.05,507.097,711.54,507.0,714.78,507.066,714.77,507.557,714.84,507.579
102,12-Apr,706.84,507.106,711.47,507.0,714.75,507.088,714.74,507.678,714.84,507.567
103,13-Apr,706.63,507.116,711.39,507.0,714.72,507.138,714.74,507.654,714.84,507.556
104,14-Apr,706.43,507.125,711.29,507.0,714.68,507.198,714.74,507.656,714.84,507.558
105,15-Apr,706.2,507.135,711.2,507.0,714.64,507.258,714.74,507.633,714.84,507.57
106,16-Apr,705.98,507.131,711.09,507.0,714.58,507.264,714.74,507.628,714.84,507.592
107,17-Apr,705.76,507.128,710.94,507.0,714.52,507.271,714.74,507.622,714.84,507.614
108,18-Apr,705.54,507.124,710.81,507.0,714.46,507.277,714.74,507.617,714.84,507.636
109,19-Apr,705.32,507.12,710.67,507.0,714.41,507.283,714.73,507.694,714.84,507.672
110,20-Apr,705.07,507.117,710.53,507.0,714.37,507.309,714.72,507.776,714.81,507.879
111,21-Apr,704.85,507.113,710.4,507.015,714.33,507.346,714.7,507.908,714.81,507.93
112,22-Apr,704.63,507.109,710.26,507.032,714.3,507.384,714.7,507.95,714.81,508.001
113,23-Apr,704.43,507.158,710.13,507.057,714.26,507.436,714.69,508.029,714.81,508.05
114,24-Apr,704.24,507.103,710.01,507.082,714.22,507.492,714.66,508.108,714.81,508.119
115,25-Apr,704.05,507.1,709.88,507.107,714.18,507.56,714.63,508.211,714.81,508.214
116,26-Apr,703.86,507.098,709.71,507.265,714.15,507.66,714.59,508.389,714.81,508.342
117,27-Apr,703.65,507.147,709.59,507.316,714.08,507.825,714.55,508.555,714.79,508.559
118,28-Apr,703.43,507.248,709.46,507.388,714.01,508.092,714.52,508.685,714.79,508.687
119,29-Apr,703.21,507.351,709.3,507.83,713.94,508.54,714.47,509.017,714.79,508.815
120,30-Apr,702.98,507.456,709.14,508.154,713.88,509.123,714.39,509.534,714.79,509.013
121,01-May,702.82,507.178,709.09,508.154,713.94,509.068,714.51,509.441,714.85,509.093
122,02-May,702.57,507.192,709.06,508.385,714.02,509.012,714.6,509.476,714.92,509.176
123,03-May,702.33,507.282,708.95,508.126,714.15,508.956,714.71,509.483,715.0,509.142
124,04-May,702.15,507.49,708.83,508.385,714.28,508.871,714.82,509.439,715.09,509.107
125,05-May,702.08,507.279,708.71,508.154,714.4,508.785,714.93,509.375,715.17,509.089
126,06-May,701.92,507.407,708.63,508.362,714.44,508.845,715.04,509.338,715.24,509.137
127,07-May,701.76,507.5,708.7,508.357,714.49,508.846,715.13,509.369,715.3,509.243
128,08-May,701.6,507.388,708.61,508.122,714.57,508.843,715.2,509.294,715.4,509.185
129,09-May,701.5,507.703,708.51,508.334,714.66,508.802,715.27,509.206,715.51,509.098
130,10-May,701.41,507.305,708.43,508.097,714.73,508.821,715.34,509.077,715.63,508.966
131,11-May,701.38,507.513,708.42,508.243,714.81,508.809,715.41,508.954,715.76,508.73
132,12-May,701.32,507.383,708.4,507.955,714.89,508.769,715.48,508.889,715.77,509.184
133,13-May,701.4,507.68,708.36,508.202,714.97,508.726,715.55,508.772,715.87,509.125
134,14-May,701.39,507.346,708.34,507.894,715.06,508.625,715.61,508.687,715.98,509.023
135,15-May,701.32,507.429,708.43,508.047,715.17,508.531,715.66,508.695,716.09,508.926
136,16-May,701.38,507.427,708.54,508.216,715.53,508.418,715.82,508.536,716.22,508.79
137,17-May,701.31,507.612,708.92,508.414,716.0,508.253,715.97,508.353,716.37,508.568
138,18-May,701.46,507.661,709.3,508.076,716.45,508.077,716.13,508.167,716.53,508.318
139,19-May,701.71,507.34,709.69,508.154,716.9,507.9,716.29,507.98,716.65,508.208
140,20-May,701.72,507.524,710.11,508.089,717.33,507.722,716.45,507.792,716.8,507.957
141,21-May,701.69,507.28,710.53,507.526,717.76,507.542,716.6,507.602,716.95,507.703
142,22-May,701.91,507.25,710.82,507.868,718.17,507.36,716.76,507.41,717.1,507.447
143,23-May,702.1,507.648,711.17,507.617,718.58,507.195,716.91,507.217,717.25,507.188
144,24-May,702.53,507.214,712.31,507.0,718.91,507.0,717.31,507.0,717.46,507.0
145,25-May,702.64,508.062,712.57,507.603,718.56,507.047,717.09,507.264,717.06,507.096
146,26-May,702.46,507.47,712.81,507.576,718.21,507.1,716.86,507.129,716.66,507.192
147,27-May,702.37,507.827,713.05,507.248,717.85,507.159,716.66,507.0,716.31,507.0
148,28-May,702.29,507.849,713.25,507.893,717.49,507.223,716.43,507.246,715.92,507.044
149,29-May,702.1,507.55,713.43,508.087,717.14,507.292,716.19,507.199,715.52,507.138
150,30-May,702.14,507.913,713.6,507.619,716.78,507.365,715.95,507.435,715.12,507.231
151,31-May,702.15,507.905,713.76,508.22,716.42,507.441,715.71,507.231,714.73,507.231
152,01-Jun,702.11,508.17,713.57,508.271,716.05,507.336,715.44,507.418,714.36,507.349
153,02-Jun,702.03,507.629,713.38,507.358,715.68,507.354,715.17,507.585,713.99,507.462
154,03-Jun,702.01,508.414,713.22,507.587,715.32,507.467,714.92,507.647,713.64,507.462
155,04-Jun,701.92,507.588,713.02,507.513,714.96,507.501,714.67,507.526,713.28,507.462
156,05-Jun,701.84,508.194,712.83,507.963,714.63,507.43,714.45,507.366,713.0,507.09
157,06-Jun,701.77,508.026,712.65,508.149,714.28,507.384,714.18,507.53,712.61,507.281
158,07-Jun,701.81,508.276,712.46,508.111,713.91,507.516,713.9,507.691,712.22,507.462
159,08-Jun,701.84,507.72,712.42,507.451,713.61,507.213,713.69,507.05,711.82,507.438
160,09-Jun,701.89,508.072,712.4,507.615,713.24,507.331,713.44,507.019,711.41,507.408
161,10-Jun,702.05,507.79,712.37,507.302,712.89,507.334,713.15,507.237,711.0,507.373
162,11-Jun,702.09,508.611,712.31,508.057,712.51,507.477,712.86,507.425,710.59,507.392
163,12-Jun,702.28,508.572,712.27,508.202,712.13,507.617,712.59,507.516,710.21,507.258
164,13-Jun,702.47,508.037,712.25,508.191,711.77,507.692,712.34,507.531,709.81,507.291
165,14-Jun,702.62,508.201,712.2,507.732,711.43,507.592,712.16,507.238,709.44,507.208
166,15-Jun,702.85,508.519,712.16,507.971,711.06,507.647,711.9,507.332,709.09,507.231
167,16-Jun,702.77,508.625,712.19,508.662,711.06,508.116,711.78,507.639,708.75,507.267
168,17-Jun,702.69,508.526,712.21,507.669,711.17,507.511,711.79,507.178,708.45,507.096
169,18-Jun,702.63,508.216,712.24,507.862,711.16,507.679,711.67,507.293,708.13,507.127
170,19-Jun,702.63,507.81,712.24,508.445,711.15,507.529,711.54,507.685,707.81,507.206
171,20-Jun,702.69,508.206,712.26,508.168,711.1,508.138,711.53,507.453,707.54,507.126
172,21-Jun,702.79,507.467,712.25,508.676,711.19,507.372,711.42,507.827,707.24,507.231
173,22-Jun,702.92,508.414,712.26,508.992,711.18,507.73,711.36,507.875,706.97,507.231
174,23-Jun,702.96,508.5,712.31,508.362,711.17,507.829,711.14,508.199,706.73,507.29
175,24-Jun,702.99,507.42,712.4,507.889,711.3,507.436,710.96,508.028,706.49,507.349
176,25-Jun,703.03,507.452,712.47,508.174,711.3,507.396,710.76,508.31,706.25,507.409
177,26-Jun,703.06,508.063,712.48,507.564,711.31,507.962,710.69,508.056,706.04,507.348
178,27-Jun,703.33,507.653,712.49,508.236,711.36,508.036,710.51,507.957,705.8,507.462
179,28-Jun,703.46,507.767,712.57,508.402,711.41,507.583,710.34,508.205,705.59,507.462
180,29-Jun,703.75,508.097,712.68,508.307,711.44,507.705,710.3,507.429,705.44,507.17
181,30-Jun,704.03,508.459,712.7,508.413,711.46,507.796,710.1,507.811,705.21,507.231
182,01-Jul,704.07,507.578,712.65,507.713,711.29,507.525,709.88,507.669,704.96,507.111
183,02-Jul,704.09,508.458,712.58,508.622,711.14,507.692,709.68,507.659,704.7,507.09
184,03-Jul,704.18,508.076,712.54,508.508,710.97,508.081,709.48,507.705,704.45,507.139
185,04-Jul,704.26,508.311,712.49,509.051,710.8,507.784,709.27,507.903,704.18,507.231
186,05-Jul,704.29,508.048,712.56,507.931,710.62,507.686,709.1,507.54,703.96,507.05
187,06-Jul,704.31,508.768,712.49,508.515,710.49,507.823,708.89,507.637,703.7,507.139
188,07-Jul,704.32,507.631,712.42,508.0,710.32,507.498,708.68,507.756,703.43,507.231
189,08-Jul,704.2,508.818,712.7,508.419,710.16,507.701,708.39,507.731,703.15,507.215
190,09-Jul,704.25,508.266,713.02,508.268,710.05,507.717,708.12,507.665,702.86,507.197
191,10-Jul,704.29,508.006,713.41,508.352,709.94,507.897,707.87,507.606,702.58,507.177
192,11-Jul,704.33,508.605,713.75,508.503,709.9,507.735,707.65,507.387,702.29,507.155
193,12-Jul,704.34,507.485,714.0,507.44,709.75,507.567,707.37,507.486,702.01,507.131
194,13-Jul,704.36,508.351,714.32,508.144,709.7,507.385,707.16,507.279,701.72,507.104
195,14-Jul,704.36,508.131,714.58,508.316,709.54,507.867,706.87,507.431,701.43,507.075
196,15-Jul,704.47,508.923,714.97,508.741,709.52,507.634,706.63,507.462,701.14,507.043
197,16-Jul,704.72,508.317,714.93,507.971,709.45,507.461,706.33,507.239,700.85,507.001
198,17-Jul,705.01,508.237,714.91,508.296,709.36,507.847,706.02,507.166,700.56,507.002
199,18-Jul,705.23,508.101,714.86,508.547,709.36,508.121,705.7,507.174,700.27,507.002
200,19-Jul,705.6,509.115,714.81,508.856,709.36,508.439,705.39,507.183,699.98,507.002
201,20-Jul,706.07,507.775,714.83,508.045,709.46,507.56,705.07,507.193,699.69,507.002
202,21-Jul,706.67,508.421,714.94,508.388,709.4,507.97,704.75,507.205,699.39,507.001
203,22-Jul,707.18,508.031,715.1,508.043,709.49,507.629,704.43,507.217,699.1,507.0
204,23-Jul,707.66,508.501,715.15,508.868,709.4,508.347,704.12,507.231,698.81,507.0
205,24-Jul,707.79,508.118,715.2,508.952,709.38,508.123,703.79,507.36,698.51,507.0
206,25-Jul,707.92,508.76,715.24,508.846,709.26,508.051,703.48,507.403,698.21,507.0
207,26-Jul,708.3,507.426,715.41,507.9,709.33,507.443,703.28,507.047,697.93,507.0
208,27-Jul,708.6,508.421,715.44,507.621,709.27,507.321,702.95,507.158,697.64,507.0
209,28-Jul,708.95,508.489,715.46,508.254,709.16,507.75,702.66,507.26,697.35,507.0
210,29-Jul,709.3,508.413,715.48,508.295,709.13,507.73,702.46,507.0,697.07,507.0
211,30-Jul,709.62,507.646,715.5,507.792,709.02,507.277,702.17,507.072,696.78,507.0
212,31-Jul,709.93,508.604,715.51,508.359,708.9,507.757,701.85,507.259,696.49,507.0
213,01-Aug,709.99,508.123,715.36,508.475,708.91,508.569,701.55,507.652,696.2,507.056
214,02-Aug,710.06,508.001,715.2,508.564,709.06,508.324,701.31,507.824,695.91,507.111
215,03-Aug,710.12,508.585,715.15,508.398,709.25,507.682,701.27,507.197,695.63,507.119
216,04-Aug,710.19,507.949,715.0,508.637,709.3,508.174,701.03,507.325,695.34,507.175
217,05-Aug,710.25,508.072,714.85,507.929,709.28,508.272,700.73,507.698,695.04,507.231
218,06-Aug,710.3,507.807,714.76,507.687,709.41,507.788,700.61,507.362,694.78,507.174
219,07-Aug,710.36,508.246,714.63,508.126,709.51,507.866,700.34,507.644,694.49,507.231
220,08-Aug,710.47,507.58,714.45,508.228,709.34,508.373,700.02,507.461,694.2,507.138
221,09-Aug,710.62,508.178,714.34,507.768,709.35,507.889,699.72,507.337,693.95,507.0
222,10-Aug,710.74,507.866,714.16,507.689,709.3,507.648,699.41,507.222,693.73,507.023
223,11-Aug,710.86,507.87,713.97,508.11,709.13,508.15,699.11,507.288,693.55,507.046
224,12-Aug,710.99,508.184,713.83,508.404,709.17,507.841,698.81,507.232,693.4,507.048
225,13-Aug,711.11,507.991,713.71,508.24,709.1,507.994,698.51,507.262,693.28,507.0
226,14-Aug,711.24,507.816,713.56,508.067,708.99,508.331,698.24,507.231,693.19,507.0
227,15-Aug,711.37,507.84,713.45,507.871,709.03,507.909,697.97,507.231,693.1,507.0
228,16-Aug,711.31,508.56,713.15,507.907,708.89,508.204,697.73,507.158,693.03,507.302
229,17-Aug,711.28,507.559,713.0,507.457,708.91,507.783,697.49,507.08,693.14,507.0
230,18-Aug,711.22,507.354,712.74,507.569,708.86,507.327,697.2,507.177,693.16,507.0
231,19-Aug,711.15,508.045,712.46,507.749,708.72,507.585,696.94,507.246,693.1,507.293
232,20-Aug,711.09,507.246,712.23,507.4,708.66,507.558,696.79,507.018,693.22,507.0
233,21-Aug,711.03,507.682,711.96,507.629,708.55,507.64,696.52,507.187,693.25,507.0
234,22-Aug,710.96,507.858,711.68,507.937,708.42,507.53,696.3,507.253,693.31,507.0
235,23-Aug,710.89,507.59,711.4,508.154,708.31,507.784,696.04,507.024,693.36,507.0
236,24-Aug,711.25,508.198,711.55,507.786,708.23,507.764,695.96,507.0,693.31,507.044
237,25-Aug,711.5,508.064,711.67,507.973,708.15,507.427,695.89,507.0,693.25,507.088
238,26-Aug,711.72,508.324,711.78,507.924,708.07,507.509,695.8,507.0,693.2,507.133
239,27-Aug,711.94,507.54,711.87,508.029,707.92,507.757,695.6,507.461,693.13,507.219
240,28-Aug,712.38,507.905,711.99,508.526,707.8,507.964,695.56,507.557,693.07,507.281
241,29-Aug,712.83,508.31,712.14,508.173,707.72,508.03,695.54,507.692,693.04,507.256
242,30-Aug,713.3,508.231,712.35,508.183,707.74,507.237,695.67,507.231,693.07,507.0
243,31-Aug,713.69,508.285,712.44,507.8,707.62,507.566,695.67,507.309,693.03,507.043
244,01-Sep,713.63,508.494,712.36,507.883,707.53,507.934,695.69,507.462,692.98,507.148
245,02-Sep,713.58,507.766,712.36,507.75,707.58,507.377,695.85,507.043,693.01,507.0
246,03-Sep,713.55,507.421,712.3,507.651,707.56,507.341,695.83,507.298,692.99,507.0
247,04-Sep,713.48,508.031,712.22,507.46,707.46,507.706,695.87,507.425,692.95,507.106
248,05-Sep,713.41,508.522,712.14,507.92,707.41,507.814,695.86,507.774,692.9,507.211
249,06-Sep,713.37,507.649,712.18,507.163,707.44,507.093,696.05,507.216,692.91,507.124
250,07-Sep,713.26,507.73,712.09,507.651,707.39,507.111,696.05,507.506,692.87,507.231
251,08-Sep,713.23,508.219,711.87,507.828,707.38,507.466,696.01,507.485,693.02,507.105
252,09-Sep,713.1,508.536,711.64,508.231,707.34,507.95,696.02,507.323,693.11,507.202
253,10-Sep,713.1,508.003,711.41,508.503,707.28,508.535,695.94,507.588,693.24,507.231
254,11-Sep,713.07,507.97,711.32,507.853,707.44,507.747,695.98,507.318,693.42,507.0
255,12-Sep,712.93,507.575,711.09,507.643,707.41,507.818,696.0,507.133,693.49,507.176
256,13-Sep,712.81,507.59,710.97,507.556,707.45,507.679,696.0,507.006,693.64,507.0
257,14-Sep,712.67,508.227,710.73,507.849,707.52,507.654,695.97,507.085,693.71,507.16
258,15-Sep,712.61,508.27,710.56,508.006,707.48,507.816,695.89,507.375,693.79,507.231
259,16-Sep,712.46,508.057,710.62,508.242,707.35,508.206,695.88,507.173,693.8,507.0
260,17-Sep,712.29,508.382,710.52,508.386,707.31,508.256,695.79,507.269,693.74,507.153
261,18-Sep,712.1,508.411,710.39,508.664,707.27,508.241,695.72,507.315,693.69,507.231
262,19-Sep,712.01,508.077,710.47,507.794,707.27,508.069,695.73,507.16,693.7,507.0
263,20-Sep,711.82,508.768,710.36,508.584,707.19,508.391,695.66,507.268,693.64,507.151
264,21-Sep,711.62,508.91,710.23,508.384,707.09,508.577,695.55,507.56,693.59,507.231
265,22-Sep,711.57,508.52,710.36,508.249,707.15,508.036,695.61,507.231,693.56,507.231
266,23-Sep,711.51,508.166,710.24,507.844,707.08,508.216,695.67,507.0,693.48,507.207
267,24-Sep,711.43,508.61,710.12,507.835,707.1,508.134,695.64,507.19,693.41,507.18
268,25-Sep,711.39,507.981,710.01,507.43,707.29,507.381,695.68,507.045,693.36,507.151
269,26-Sep,711.31,508.157,709.83,507.961,707.24,507.623,695.58,507.484,693.3,507.121
270,27-Sep,711.23,509.211,709.71,508.262,707.27,507.68,695.59,507.496,693.25,507.089
271,28-Sep,711.14,508.225,709.54,507.926,707.17,508.195,695.53,507.75,693.19,507.057
272,29-Sep,711.08,508.814,709.53,508.069,707.17,508.333,695.54,507.767,693.14,507.023
273,30-Sep,711.09,508.543,709.61,508.097,707.27,507.872,695.74,507.0,693.12,507.0
274,01-Oct,711.0,507.706,709.51,507.841,707.39,507.454,695.77,507.003,693.14,507.0
275,02-Oct,710.9,508.347,709.38,508.081,707.37,507.811,695.74,507.314,693.15,507.051
276,03-Oct,710.78,508.528,709.24,507.963,707.31,508.333,695.62,507.933,693.12,507.231
277,04-Oct,710.66,508.592,709.13,508.056,707.38,508.357,695.63,508.092,693.14,507.231
278,05-Oct,710.56,508.921,709.11,508.068,707.46,508.227,695.87,507.314,693.23,507.0
279,06-Oct,710.52,508.077,708.98,507.922,707.56,507.988,695.8,507.769,693.24,507.061
280,07-Oct,710.37,507.555,708.84,507.929,707.56,508.231,695.72,508.164,693.21,507.231
281,08-Oct,710.3,507.859,708.8,507.955,707.72,508.242,695.78,508.577,693.2,507.231
282,09-Oct,710.32,507.808,708.84,507.449,708.1,507.641,696.21,507.68,693.24,507.031
283,10-Oct,710.21,508.297,708.77,507.733,708.1,508.763,696.02,508.918,693.2,507.131
284,11-Oct,710.17,509.147,708.68,508.297,708.43,508.416,696.27,508.615,693.16,507.231
285,12-Oct,710.25,508.007,708.77,507.406,708.82,507.487,696.88,507.0,693.22,507.0
286,13-Oct,710.22,508.625,708.71,507.781,708.93,507.39,697.04,507.0,693.2,507.0
287,14-Oct,710.19,508.206,708.65,507.558,709.01,507.628,697.14,507.224,693.19,507.0
288,15-Oct,710.08,508.356,708.56,507.675,709.08,508.227,696.91,508.649,693.15,507.1
289,16-Oct,710.22,507.804,708.59,507.431,709.12,507.803,697.64,507.0,693.19,507.02
290,17-Oct,710.36,508.033,708.6,508.037,709.11,508.128,697.92,507.0,693.21,507.039
291,18-Oct,710.44,507.918,708.69,507.566,709.22,507.418,698.19,507.025,693.23,507.058
292,19-Oct,710.53,507.731,708.68,507.709,709.2,507.789,698.35,507.42,693.25,507.076
293,20-Oct,710.77,508.036,708.69,508.309,709.21,507.969,698.6,507.541,693.27,507.094
294,21-Oct,710.93,508.397,708.62,508.494,709.11,508.709,698.6,508.51,693.21,507.387
295,22-Oct,711.16,509.147,708.58,508.381,709.14,508.483,698.71,509.143,693.18,507.59
296,23-Oct,711.53,508.538,708.68,507.886,709.22,507.789,699.43,507.455,693.27,507.349
297,24-Oct,711.67,508.14,708.96,508.443,709.25,508.278,699.34,508.48,693.22,507.49
298,25-Oct,712.07,508.043,709.49,507.988,709.37,508.374,699.47,508.641,693.25,507.347
299,26-Oct,712.2,508.887,709.76,508.823,709.32,509.201,699.44,509.524,693.17,507.655
300,27-Oct,712.61,508.69,710.16,509.272,709.5,509.105,699.75,509.054,693.18,507.65
301,28-Oct,712.81,508.16,710.57,508.574,709.66,508.527,700.1,508.427,693.31,507.238
302,29-Oct,712.97,508.239,710.91,509.011,709.62,508.76,700.17,508.95,693.24,507.532
303,30-Oct,713.24,508.19,711.51,507.849,709.84,508.189,700.68,507.777,693.42,507.0
304,31-Oct,713.47,508.285,711.82,508.377,709.92,508.409,700.82,507.961,693.45,507.0
305,01-Nov,713.55,508.769,712.17,508.633,709.95,508.68,700.89,508.029,693.38,507.278
306,02-Nov,713.67,508.501,712.41,508.746,709.97,509.069,700.93,508.258,693.33,507.496
307,03-Nov,713.84,508.722,712.73,509.101,710.04,508.744,700.95,508.605,693.32,507.585
308,04-Nov,714.07,508.548,713.07,508.012,710.15,508.321,701.04,508.676,693.37,507.414
309,05-Nov,714.27,508.915,713.43,508.501,710.15,508.734,701.04,509.055,693.31,507.692
310,06-Nov,714.5,508.447,713.85,508.125,710.27,508.218,701.15,509.003,693.39,507.417
311,07-Nov,714.67,509.015,714.2,508.528,710.35,508.366,701.2,509.219,693.33,507.692
312,08-Nov,714.83,508.973,714.31,508.81,710.35,508.625,701.22,509.051,693.35,507.646
313,09-Nov,715.06,508.226,714.38,508.832,710.35,508.748,701.16,509.307,693.36,507.597
314,10-Nov,715.3,507.987,714.64,507.653,710.51,508.021,701.54,507.796,693.49,507.084
315,11-Nov,715.42,508.135,714.76,507.799,710.59,507.873,701.46,508.109,693.5,507.031
316,12-Nov,715.67,507.811,714.87,507.999,710.67,507.645,701.5,507.859,693.51,507.0
317,13-Nov,715.77,507.672,714.97,507.937,710.63,507.771,701.45,508.05,693.48,507.216
318,14-Nov,715.87,508.644,715.01,508.318,710.58,508.282,701.26,508.745,693.45,507.457
319,15-Nov,716.08,507.749,715.23,507.695,710.65,508.192,701.31,508.501,693.56,507.095
320,16-Nov,716.31,507.928,715.36,507.33,710.62,507.784,701.09,508.251,693.53,507.107
321,17-Nov,716.54,508.112,715.45,507.399,710.45,507.925,700.89,507.762,693.5,507.12
322,18-Nov,716.75,507.48,715.52,507.637,710.25,508.256,700.67,507.63,693.47,507.132
323,19-Nov,716.98,507.667,715.55,507.744,710.19,507.867,700.41,507.761,693.41,507.244
324,20-Nov,717.22,507.869,715.62,508.001,710.0,508.111,700.17,507.886,693.41,507.156
325,21-Nov,717.44,507.943,715.72,508.188,709.81,508.405,699.9,508.135,693.4,507.167
326,22-Nov,717.62,508.169,715.82,508.41,709.68,508.414,699.63,508.385,693.39,507.179
327,23-Nov,717.75,508.311,715.86,508.669,709.45,507.878,699.36,508.112,693.35,507.181
328,24-Nov,717.89,508.097,716.01,508.386,709.17,507.963,699.1,507.833,693.31,507.176
329,25-Nov,718.0,508.178,716.04,508.884,708.88,508.128,698.85,507.653,693.27,507.231
330,26-Nov,718.13,508.672,716.18,508.798,708.66,507.928,698.59,507.527,693.25,507.231
331,27-Nov,718.31,508.504,716.43,508.213,708.39,508.033,698.33,507.475,693.28,507.074
332,28-Nov,718.46,508.169,716.48,508.724,708.16,507.884,698.07,507.42,693.26,507.152
333,29-Nov,718.57,508.29,716.5,509.409,707.88,508.029,697.81,507.362,693.24,507.231
334,30-Nov,718.69,508.62,716.61,509.028,707.61,508.138,697.55,507.318,693.24,507.231
335,01-Dec,718.78,508.523,716.77,508.29,707.33,507.832,697.28,507.191,693.22,507.23
336,02-Dec,718.78,508.455,716.78,508.313,707.01,507.805,697.02,507.163,693.2,507.229
337,03-Dec,718.91,508.761,716.83,508.545,706.7,507.751,696.77,507.166,693.18,507.227
338,04-Dec,719.02,508.588,716.83,508.863,706.39,507.766,696.55,507.168,693.16,507.224
339,05-Dec,719.16,508.433,716.92,508.839,706.11,507.571,696.39,507.005,693.14,507.221
340,06-Dec,719.28,508.399,717.0,509.064,705.8,507.589,696.22,507.003,693.13,507.217
341,07-Dec,719.43,508.488,717.2,508.641,705.51,507.515,696.07,507.0,693.11,507.213
342,08-Dec,719.38,508.574,717.22,508.791,705.17,507.502,695.99,507.059,693.09,507.095
343,09-Dec,719.33,508.519,717.2,509.123,704.84,507.497,695.88,507.231,693.07,507.0
344,10-Dec,719.3,508.568,717.23,508.606,704.51,507.406,695.81,507.231,693.05,507.0
345,11-Dec,719.24,508.611,717.18,509.027,704.18,507.418,695.81,507.0,693.03,507.0
346,12-Dec,719.2,508.903,717.26,508.729,703.87,507.431,695.72,507.164,693.01,507.0
347,13-Dec,719.17,508.835,717.27,508.859,703.61,507.352,695.7,507.0,692.99,507.0
348,14-Dec,719.14,508.988,717.3,508.8,703.32,507.406,695.62,507.158,692.97,507.0
349,15-Dec,719.08,509.001,717.25,509.301,703.03,507.462,695.55,507.231,692.95,507.0
350,16-Dec,718.87,508.843,717.03,509.036,702.73,507.306,695.43,507.219,692.93,507.0
351,17-Dec,718.78,507.949,716.9,508.238,702.45,507.141,695.32,507.206,692.92,507.0
352,18-Dec,718.55,508.059,716.69,508.19,702.17,507.091,695.2,507.192,692.9,507.0
353,19-Dec,718.32,508.075,716.51,508.016,701.89,507.037,695.11,507.178,692.88,507.0
354,20-Dec,718.1,508.219,716.28,508.176,701.6,507.0,695.02,507.162,692.86,507.0
355,21-Dec,717.86,508.154,716.1,508.015,701.32,507.0,694.93,507.145,692.84,507.0
356,22-Dec,717.62,508.396,715.91,507.922,701.04,507.0,694.84,507.127,692.82,507.0
357,23-Dec,717.38,508.645,715.68,508.097,700.75,507.0,694.74,507.108,692.8,507.0
358,24-Dec,717.1,508.315,715.39,507.968,700.48,507.0,694.68,507.231,692.78,507.0
359,25-Dec,716.82,508.098,715.1,507.849,700.21,507.0,694.71,507.0,692.76,507.0
360,26-Dec,716.54,507.871,714.81,507.673,699.94,507.0,694.66,507.151,692.74,507.0
361,27-Dec,716.26,507.75,714.52,507.638,699.67,507.0,694.68,507.0,692.72,507.0
362,28-Dec,715.98,507.648,714.23,507.531,699.39,507.0,694.64,507.146,692.7,507.0
363,29-Dec,715.7,507.609,713.98,507.255,699.15,507.0,694.61,507.231,692.68,507.0
364,30-Dec,715.45,507.419,713.68,507.231,698.91,507.011,694.64,507.0,692.66,507.0
365,31-Dec,716.05,507.214,714.29,507.231,699.53,507.0,695.34,507.0,693.04,507.0
